<?xml version="1.0" encoding="utf-8"?>
<PluginLoadControllor xmlns:xsi="http://www.w3.org/2001/XMLSchema-instance" xmlns:xsd="http://www.w3.org/2001/XMLSchema">
  <BuildOrderLogic>
    <item>
      <key>
        <string>IXPlugin</string>
      </key>
      <value>
        <ArrayOfBuildLogic>
          <BuildLogic>
            <Name>XFrmWorkPropertyGrid</Name>
            <Order>1</Order>
          </BuildLogic>
          <BuildLogic>
            <Name>DebugManager</Name>
            <Order>1</Order>
          </BuildLogic>
          <BuildLogic>
            <Name>DataManager</Name>
            <Order>1</Order>
          </BuildLogic>
          <BuildLogic>
            <Name>DataProcessManager</Name>
            <Order>1</Order>
          </BuildLogic>
        </ArrayOfBuildLogic>
      </value>
    </item>
  </BuildOrderLogic>
  <PluginNames>
    <InterfaceAttribute>
      <Name>IDictionarySerializable</Name>
      <Description />
    </InterfaceAttribute>
    <InterfaceAttribute>
      <Name>ICustomView</Name>
      <Description>可实现自助替换界面的接口</Description>
    </InterfaceAttribute>
    <InterfaceAttribute>
      <Name>ICustomClass</Name>
      <Description>一项弱类型的简化接口，用于不指定强功能的插件集合</Description>
    </InterfaceAttribute>
    <InterfaceAttribute>
      <Name>IXPlugin</Name>
      <Description>XFrmWork基本插件接口</Description>
    </InterfaceAttribute>
    <InterfaceAttribute>
      <Name>IConfigFile</Name>
      <Description>配置文件接口</Description>
    </InterfaceAttribute>
    <InterfaceAttribute>
      <Name>IDataBaseConnector</Name>
      <Description>数据库连接器接口</Description>
    </InterfaceAttribute>
    <InterfaceAttribute>
      <Name>IDataViewer</Name>
      <Description>展示数据</Description>
    </InterfaceAttribute>
    <InterfaceAttribute>
      <Name>IFileConnector</Name>
      <Description>文件导入导出基本接口</Description>
    </InterfaceAttribute>
    <InterfaceAttribute>
      <Name>IColumnProcess</Name>
      <Description>ETL模块接口</Description>
    </InterfaceAttribute>
    <InterfaceAttribute>
      <Name>IDataProcess</Name>
      <Description>基本计算模块</Description>
    </InterfaceAttribute>
  </PluginNames>
  <PluginDllNames>
    <string>Hawk.Core</string>
    <string>Hawk.ETL.Controls</string>
    <string>Hawk.ETL</string>
  </PluginDllNames>
</PluginLoadControllor>